age,ed,employ,address,income,debtinc,creddebt,othdebt,default,preddef1,preddef2,preddef3
41,3,17,12,176,9.3,11.359392,5.008608,1,.808394327359702,.788640431821437,.213043376128119
27,1,10,6,31,17.3,1.362202,4.000798,0,.198297476159104,.128445387038174,.436903005506046
40,1,15,14,55,5.5,.856075,2.168925,0,.0100361080990023,.00298677834821412,.141022623460993
41,1,15,14,120,2.9,2.65872,.82128,0,.0221382837594812,.0102732648580009,.104422211934525
24,2,2,0,28,17.3,1.787436,3.056564,1,.781588314152869,.737884820480045,.436903005506046
41,2,5,5,25,10.2,.3927,2.1573,0,.216708941468906,.328194657083002,.233577086224484
39,1,20,9,67,30.6,3.833874,16.668126,0,.18596010843841,.179255712952496,.817091719095171
43,1,12,11,38,3.6,.128592,1.239408,0,.014708653491152,.010572667741295,.113357560419516
24,1,3,4,19,24.4,1.358348,3.277652,1,.748041203606411,.619443452160334,.663903973464324
36,1,0,13,25,19.7,2.7777,2.1473,0,.815057013081852,.79722745061275,.515530082740544
27,1,0,1,16,1.7,.182512,.089488,0,.350309226043236,.610511356012177,.0905475842743514
25,1,4,0,23,5.2,.252356,.943644,0,.239053902326814,.219023649798498,.136307035904262
52,1,24,14,64,10,3.9296,2.4704,0,.00979017347264589,.00628468428836779,.228897785847298
37,1,6,9,29,16.3,1.715901,3.011099,0,.364494047547502,.340467555901854,.4048353225734
48,1,22,15,100,9.1,3.7037,5.3963,0,.0118739038464262,.00771406996447905,.208663437695647
36,2,9,6,49,8.6,.817516,3.396484,1,.0967040778565908,.113839681770466,.198005125485801
36,2,13,6,41,16.4,2.918216,3.805784,1,.212050390551138,.175024767261369,.408010484205201
43,1,23,19,72,7.6,1.181952,4.290048,0,.00140487060255445,.000563999860427421,.17793130940947
39,1,6,9,61,5.7,.563274,2.913726,0,.104145390281715,.092729658950997,.144241548322777
41,3,0,21,26,1.7,.099008,.342992,0,.0919180135014027,.0869105909754819,.0905475842743514
39,1,22,3,52,3.2,1.154816,.509184,0,.0043735364616344,.00164474095768356,.108172886416567
47,1,17,21,43,5.6,.587552,1.820448,0,.00304735236249091,.00201376135654785,.142624515618002
28,1,3,6,26,10,.4316,2.1684,0,.293932179671944,.236041924669508,.228897785847298
29,1,8,6,27,9.8,.402192,2.243808,0,.106799619753194,.204130576692517,.224284794561537
21,2,1,2,16,18,.24192,2.63808,1,.629777455306767,.620461226408894,.459685523765733
25,4,0,2,32,17.6,2.14016,3.49184,0,.861313401393958,.773743765928539,.446640081169066
45,2,9,26,69,6.7,.707319,3.915681,0,.0164611579900324,.01520071605721,.161260140498931
43,1,25,21,64,16.7,.951232,9.736768,0,.00143799346726798,.000641927515098064,.417581158840994
33,2,12,8,58,18.4,3.084208,7.587792,0,.276706675474106,.219532599900222,.472786447367334
26,3,2,1,37,14.2,.204906,5.049094,0,.50332186742386,.479453765995919,.340345791526492
45,1,3,15,20,2.1,.105,.315,0,.0764195852261632,.0529185951936342,.0949774523057643
30,1,1,10,22,10.5,1.13883,1.17117,0,.433699425118601,.405229108934149,.240719879471011
27,3,2,7,26,6,.72228,.83772,0,.288738875933443,.233062013435398,.149184219573304
25,1,8,4,27,14.4,1.018656,2.869344,0,.231100684278883,.177802520204962,.346280273672069
25,1,8,1,35,2.9,.07714,.93786,0,.0749571955933729,.0480042726553067,.104422211934525
26,2,6,7,45,26,6.0489,5.6511,0,.950053516816289,.946420103718697,.709164136909414
30,2,10,4,22,16.1,1.409716,2.132284,0,.211956403647939,.25417611027888,.398509074529238
32,2,12,1,54,14.4,3.195936,4.580064,0,.335996915257273,.417417714105591,.346280273672069
28,2,1,8,24,17.1,1.337904,2.766096,1,.643903295283559,.659599885195508,.430438062072136
45,1,23,5,50,4.2,.5586,1.5414,0,.00226875357862989,.0014604870209812,.121540265102462
23,1,7,2,31,6.6,.33759,1.70841,0,.132878207080903,.097419360235256,.159487876633662
34,1,17,3,59,8,1.80776,2.91224,0,.0317685432338983,.0622616484352908,.185763039434584
42,2,7,23,41,4.6,.941114,.944886,0,.0319034793260759,.0307905348504762,.127274196819662
39,1,19,5,48,13.1,1.930416,4.357584,0,.0280793313767151,.0102963057292182,.308629906178795
26,1,0,0,14,7.5,.3024,.7476,1,.511049960032338,.749382132397176,.176014277117858
21,2,0,1,16,6.8,.150144,.937856,0,.453616874344579,.376452011382485,.163048277810623
35,1,13,15,35,4.5,.43155,1.14345,0,.0107818887723767,.00703764487094369,.125819411565012
47,1,4,2,26,10.4,.12168,2.58232,0,.281657372501201,.363860690914129,.23832247968374
23,2,0,2,21,11.4,.775656,1.618344,1,.621784769760648,.63595566508835,.263029539285341
35,1,18,2,42,7.4,.205128,2.902872,0,.0104607182588521,.00432423778400214,.1741135244113
34,1,2,11,25,12.6,.5733,2.5767,1,.325347335549973,.290873401728726,.294767428627967
46,1,1,12,20,14,.8092,1.9908,0,.423307925716517,.324986168800171,.33446097880431
46,1,16,18,52,12.9,3.032016,3.675984,1,.0370021170333805,.0826923106735091,.303041555782365
38,3,3,18,25,3.7,.311725,.613275,0,.0775524717061438,.108528532516922,.114687159414884
40,2,3,2,28,9.5,.55328,2.10672,0,.371499067550188,.447742551950545,.217489983603156
37,1,1,3,24,15.1,1.801128,1.822872,1,.747904441289944,.63133850441931,.367420656592906
35,1,9,1,34,5,.3978,1.3022,0,.0842138549382499,.0910494859358238,.133237610593936
39,2,16,13,69,2.4,1.061496,.594504,0,.0073276033979216,.00710451814283915,.0984261698495888
40,3,18,6,100,2.5,1.485,1.015,0,.0102139314545583,.00611630338139489,.0996003083989934
50,3,10,20,80,12.2,2.47904,7.28096,0,.0874943892325751,.149857043303797,.283942686237709
31,1,9,10,28,2.4,.047712,.624288,0,.0279843707139338,.0205429025701935,.0984261698495888
29,1,13,1,42,7.4,1.457652,1.650348,1,.0732583522246898,.0556601759400172,.1741135244113
37,1,4,0,23,12.4,.86986,1.98214,0,.457968087271607,.461772013970883,.289325043862157
33,2,4,9,55,7,2.15985,1.69015,0,.345876955756017,.356814445049778,.166672400022865
26,2,5,7,28,7.8,1.024296,1.159704,0,.214606863532908,.234923122365093,.181814378077261
32,2,11,6,75,23.3,7.7589,9.7161,1,.927930676640709,.950097301250358,.630872534500338
28,2,2,3,23,6.4,.186944,1.285056,1,.299857848008327,.339121772255982,.155990731712526
39,1,19,8,46,9.1,2.515786,1.670214,0,.0217611569608649,.0117291941549948,.208663437695647
28,2,8,3,31,8.2,1.492154,1.049846,1,.198324331672084,.193518470166702,.189777566816889
29,1,1,2,20,18.6,.56916,3.15084,1,.683895029117709,.666638379495109,.479352131210508
34,2,3,8,21,23.1,1.401939,3.449061,0,.66227335023999,.716648389999867,.62472170332041
28,2,5,9,34,23.8,3.099236,4.992764,0,.757924601437733,.793200728699453,.646061231863975
47,1,26,21,100,12.8,4.5824,8.2176,0,.00637324699942851,.0107388222009277,.300268933495266
43,4,1,5,26,10.6,1.518556,1.237444,0,.590458991966751,.623037420788512,.243133697635996
41,1,13,10,44,1.7,.07106,.67694,0,.010287079798852,.00652923748666968,.0905475842743514
47,1,13,25,51,23.8,3.738504,8.399496,0,.150194267894202,.123296529750541,.646061231863975
24,1,2,1,21,.6,.025074,.100926,0,.215822125271502,.195944565085147,.0793109640077818
29,1,1,9,17,6.7,.157182,.981818,0,.252858729984801,.175985098815376,.161260140498931
33,1,14,2,37,2.6,.199134,.762866,0,.0178746706784111,.0389362348983701,.100786887619104
36,1,15,10,39,3.2,.6864,.5616,0,.0102849670856949,.00297656390735223,.108172886416567
26,1,4,3,27,10.5,2.47212,.36288,1,.583734684574949,.444059375579108,.240719879471011
31,1,11,12,45,17,2.7387,4.9113,0,.203463001175819,.128282068426122,.427214320753891
37,1,7,3,32,19.6,2.69696,3.57504,0,.632367844833177,.513087736221153,.512242205469548
35,4,4,16,29,11,1.84382,1.34618,0,.262319209983873,.301699865504093,.25295226288355
26,1,4,3,20,5.4,.3186,.7614,0,.206525269421241,.15847133977337,.139435797002348
40,1,10,15,45,18.8,2.01348,6.44652,0,.164846926207969,.340958979649143,.485924955715624
29,2,5,4,36,12.4,3.490848,.973152,1,.68259345252201,.740911846988342,.289325043862157
37,3,5,17,29,24.6,1.405398,5.728602,0,.399252159769595,.491251255193951,.669752092382178
32,1,12,12,28,2.9,.116116,.695884,0,.0126835815307447,.00707101849078443,.104422211934525
23,2,0,1,17,27.7,2.043706,2.665294,1,.939557229779058,.954148797173829,.753074405700566
32,1,3,10,23,6.2,.052762,1.373238,0,.147564685890887,.10081811056697,.15255635158718
25,1,1,6,15,11.4,.37107,1.33893,1,.425001073244948,.340615417991901,.263029539285341
38,1,5,5,54,10.6,1.499688,4.224312,0,.350841940701269,.64497907151034,.243133697635996
32,2,0,6,18,5.8,.296496,.747504,1,.355098571476067,.431805122321791,.14587379519876
41,3,2,0,15,26.3,1.960665,1.984335,1,.897394641980317,.959274266761121,.717240209782889
36,1,17,6,54,4.4,.727056,1.648944,0,.00997417097263277,.00509957479689125,.124378885097109
42,3,13,0,82,3.3,1.315116,1.390884,0,.0521534174508759,.0509284692896457,.109449179895879
41,1,14,8,52,7.3,.926224,2.869776,0,.025029966189553,.0624939247770416,.172229007335537
29,2,4,9,19,6.3,.681093,.515907,0,.175617818886076,.211581442461379,.154265727768891
38,3,4,6,31,9.3,1.331946,1.551054,1,.339650908420632,.50079852371426,.213043376128119
39,1,22,9,113,2.6,.987168,1.950832,0,.00231900564293606,.000980994888852581,.100786887619104
36,1,6,9,26,8.3,.030212,2.127788,0,.0972693166563266,.0522477247080192,.191809605554132
33,1,8,7,27,5.8,.776736,.789264,0,.0875793909394589,.0559538028314983,.14587379519876
42,2,21,11,121,3.1,1.365364,2.385636,0,.00325809535391432,.00152357669198953,.106909689191686
41,2,22,17,75,23.6,9.8766,7.8234,0,.557979950059622,.518698250477894,.640019076249957
40,1,8,17,28,3.6,.53424,.47376,0,.0296226281420844,.018402997954554,.113357560419516
53,1,9,18,50,11.2,2.016,3.584,1,.0916945146343532,.277142433668934,.257958800003834
28,1,4,7,26,13.5,1.29519,2.21481,0,.402168635202623,.279558830343841,.319975239349056
36,2,12,13,60,7.9,1.72062,3.01938,0,.0441411890388896,.02737656340825,.183780491732131
34,2,9,13,45,10.1,1.11807,3.42693,0,.0759636639813746,.0705385306154378,.231229159681675
45,3,2,5,39,4.9,.45864,1.45236,0,.271468569657142,.505466958064721,.131724949891918
38,1,6,0,41,8.9,.266377,3.382623,0,.212746462883083,.276915319730515,.204350163433237
21,3,0,2,24,7.7,.833448,1.014552,0,.550739475836411,.604540493326661,.179864663152346
42,1,12,11,51,21.4,2.411994,8.502006,0,.209992445779654,.208271904700901,.570989483667463
52,1,16,25,64,8.6,1.865856,3.638144,0,.00757311858225359,.00459130223039786,.198005125485801
25,2,4,6,33,5.2,.552552,1.163448,0,.186436296377201,.168707793762057,.136307035904262
34,2,9,9,65,6.2,2.10769,1.92231,0,.124476665523011,.0843835744458823,.15255635158718
40,2,15,16,73,3.4,1.032512,1.449488,0,.00785879782889407,.00597378562937432,.110738662082415
31,2,0,4,27,12.8,1.08864,2.36736,1,.65419989742066,.65026091904429,.300268933495266
25,1,1,0,20,6.7,.47168,.86832,1,.457103921211109,.451129715395582,.161260140498931
45,1,12,19,37,9.5,1.34273,2.17227,0,.0256308494204531,.0164447691927515,.217489983603156
23,1,3,0,19,8.4,.2793,1.3167,1,.350376773755335,.280223940433409,.193858196359287
34,4,6,3,27,35.3,1.982448,7.548552,1,.853379627730542,.801968753892446,.892387804215323
31,1,2,4,22,12.7,1.092454,1.701546,1,.536364361443418,.380803460866959,.297510850128549
28,1,5,9,22,2.8,.140448,.475552,0,.0825916726080969,.026850152192971,.103197745324591
41,1,7,11,43,4.4,.694364,1.197636,0,.0693503634266374,.0310097271202971,.124378885097109
39,2,7,2,68,13,1.0166,7.8234,1,.284597621649181,.328969293496989,.30582859021282
29,2,9,3,36,1.4,.127008,.376992,0,.0464490243630466,.0318417122753802,.0873481762044001
21,1,5,1,25,9,.36675,1.88325,0,.253362895304758,.0898022187757773,.206498469635316
41,2,19,2,68,5.8,1.506608,2.437392,0,.0149542692006454,.0166076271776992,.14587379519876
26,4,1,7,27,2.9,.311634,.471366,0,.23724479296094,.270131069225841,.104422211934525
33,1,5,10,18,12.9,.984528,1.337472,0,.247174208492091,.127883763751804,.303041555782365
45,2,18,19,35,17.4,.5481,5.5419,0,.00775526787439888,.0100335741247967,.440143677259624
39,1,17,20,60,13.7,2.44956,5.77044,0,.0193163491321548,.0122044669242966,.325729918501149
24,1,7,2,21,6.3,.519939,.803061,0,.142126298618427,.249342058739052,.154265727768891
29,2,6,7,57,2.2,.452694,.801306,0,.0861328420699012,.0742104868346849,.0961148365238271
27,2,1,0,23,12.4,.2852,2.5668,0,.555831124834674,.620352160789921,.289325043862157
40,1,13,2,28,5.9,.964768,.687232,0,.0459242586967559,.0449947798730919,.147521328601
29,1,8,10,24,6.7,.469536,1.138464,0,.0639314704741976,.0388865740476837,.161260140498931
29,2,4,3,37,6.6,1.15995,1.28205,1,.319083472943685,.270478424694984,.159487876633662
24,1,0,2,16,16,1.00864,1.55136,1,.738204317983864,.872485064829212,.395358472460017
27,1,9,6,45,17.8,2.85156,5.15844,1,.436141029360044,.362589321826631,.453154759589524
41,3,16,22,135,4.4,1.2771,4.6629,0,.00477351354805055,.00337803602576242,.124378885097109
31,1,11,8,25,9.1,.14105,2.13395,0,.0382150216088275,.0204679755260333,.208663437695647
41,1,16,17,68,5.4,.447984,3.224016,0,.00486662711959851,.00324634968595439,.139435797002348
42,2,5,3,41,3.4,.35547,1.03853,0,.148805103372266,.238975415053135,.110738662082415
28,4,1,3,26,12.4,.377208,2.846792,0,.508310142435968,.415349744440269,.289325043862157
30,4,2,8,25,10,1.77,.73,0,.492661934905666,.368159110647319,.228897785847298
30,1,11,1,33,8.4,.681912,2.090088,0,.0825103558654697,.0716238012640964,.193858196359287
31,1,8,4,44,8,1.72128,1.79872,0,.203524429513443,.0808613551551191,.185763039434584
45,2,15,14,51,18.1,1.550808,7.680192,0,.043887781049779,.0412249737943856,.462956247932683
43,1,13,23,76,6.1,2.151104,2.484896,1,.0172510088719807,.0291091265014181,.150862537804978
36,1,4,10,23,16.3,1.327146,2.421854,0,.407401837725852,.41964222147585,.4048353225734
28,1,8,6,30,7.2,.61344,1.54656,0,.0968867686051043,.0312928007201404,.170360679895587
27,2,3,5,33,13.2,1.6335,2.7225,0,.543892441586427,.613720599895093,.311445369244008
36,3,13,3,39,19.2,2.800512,4.687488,0,.29128083419752,.397056945175927,.499082945440632
33,1,12,11,32,11.3,2.104512,1.511488,0,.0837348837574302,.0426626269932088,.260486177232655
54,1,9,2,28,14.8,1.558144,2.585856,1,.281348716704596,.480565148130036,.358292388188577
33,1,9,4,29,13.8,1.348674,2.653326,1,.212727096508004,.0944371904954511,.328627227393458
31,1,9,5,26,4.5,.31005,.85995,0,.0570105234287403,.0345122749219752,.125819411565012
21,1,4,0,26,8.9,1.420796,.893204,0,.459644699231022,.386675591616441,.204350163433237
28,3,5,9,44,8.7,.773256,3.054744,0,.178833144380032,.201825905847842,.200103503133251
31,2,2,1,26,6.8,.28288,1.48512,1,.3554412263492,.3568756502985,.163048277810623
32,1,8,6,26,4.1,.326196,.739804,0,.0647353761992979,.0487580315877201,.120141998018177
35,2,1,8,24,12.5,.591,2.409,1,.439878611626234,.588297664013912,.292038788109412
40,2,13,11,102,18.9,6.226794,13.051206,1,.598120042817558,.719033125749642,.489213337068893
22,1,4,2,24,15.6,1.636128,2.107872,1,.596404719544991,.52304846496192,.382845066123689
39,1,4,9,38,6.5,1.17819,1.29181,0,.223769139547549,.219400230332066,.157731427249199
41,4,14,3,44,1.7,.353056,.394944,0,.0166456166795285,.0256759170254165,.0905475842743514
34,1,16,9,79,4,1.73484,1.42516,0,.0170113165021451,.00393592886954769,.118757642677076
29,1,7,9,22,9.7,.550572,1.583428,0,.114173673584689,.0375503691597845,.222003218251334
31,1,4,10,28,11.3,.291088,2.872912,0,.196279988997979,.0955782292865894,.260486177232655
32,1,1,0,20,4.8,.31488,.64512,1,.394231456263152,.415474552004306,.130226882366666
32,1,14,7,73,8.8,3.751616,2.672384,0,.138268880243197,.0932881676414942,.202218511407737
33,1,6,14,21,7.5,.567,1.008,0,.0833862441416633,.16162071303503,.176014277117858
26,1,6,0,22,10.3,.720588,1.545412,0,.284018712020131,.123215218144166,.235941536859481
21,1,1,1,18,17.3,.158814,2.955186,0,.623187919016875,.353435211106944,.436903005506046
28,2,7,2,34,7,.35938,2.02062,0,.138482165854643,.17603115352132,.166672400022865
37,1,13,5,24,8.9,.602352,1.533648,0,.038407057423822,.02645854209627,.204350163433237
33,2,2,14,35,22.9,2.123975,5.891025,1,.695220116542206,.768448717369076,.618530353850153
39,1,12,10,46,5,.5612,1.7388,0,.0229370163278594,.0202204809028661,.133237610593936
40,2,8,19,57,5.6,.8778,2.3142,0,.0363250994271934,.0245346024557083,.142624515618002
45,3,16,21,80,3,.912,1.488,0,.00371587951429604,.00210210079509983,.105659495410671
27,1,10,6,34,6.5,.85085,1.35915,0,.0664061262746864,.113108068083484,.157731427249199
28,4,0,7,29,24.2,1.424654,5.593346,0,.83098020126632,.763616877058708,.658005175251214
39,1,13,9,27,8,.96552,1.19448,0,.0317783049105781,.075876880333692,.185763039434584
40,1,14,21,43,15,2.79285,3.65715,1,.0488323055788279,.0285409782269161,.364366949296657
27,1,11,8,56,16.9,4.63736,4.82664,0,.509822396664682,.399015239643717,.423996750019665
36,1,1,4,16,9.3,.433008,1.054992,0,.428088338040939,.292462180677057,.213043376128119
55,1,19,2,78,15.6,4.404816,7.763184,0,.159492261396624,.235432127529823,.382845066123689
27,2,4,3,22,13.2,1.086096,1.817904,1,.445777635521161,.464658154337711,.311445369244008
30,1,1,8,17,11,.74613,1.12387,0,.429187870348339,.375867605027667,.25295226288355
36,1,10,0,28,11.2,.81536,2.32064,1,.146632349412748,.123669593435053,.257958800003834
31,1,1,6,21,2.5,.2772,.2478,1,.242020037814469,.189231246302661,.0996003083989934
33,2,13,2,40,7.2,.18144,2.69856,0,.033315528306743,.0356810287138646,.170360679895587
30,1,4,0,33,4.2,.500346,.885654,0,.248983269136887,.226450053752615,.121540265102462
24,1,1,0,18,5.9,.23895,.82305,1,.407098214549261,.353632385139084,.147521328601
33,4,9,10,28,4.3,.376852,.827148,0,.0394897852073776,.0454146633923539,.122952531749586
50,1,8,27,47,6.9,.398889,2.844111,0,.0164980483316041,.0136444650006087,.164852345821016
31,2,6,6,32,23.1,3.341184,4.050816,1,.771944252578365,.791662104478429,.62472170332041
28,1,3,7,19,4.1,.260965,.518035,0,.171340841895772,.08096490867116,.120141998018177
44,3,8,10,88,6.1,.284504,5.083496,1,.0550515734316749,.0559555891973196,.150862537804978
48,4,3,23,45,9.8,.97461,3.43539,0,.123029941897883,.100988360825296,.224284794561537
36,2,0,17,30,9.7,.32883,2.58117,0,.244597738925612,.277068485772964,.222003218251334
29,3,7,1,63,5.5,.571725,2.893275,0,.147111842183529,.116072322128358,.141022623460993
40,3,17,11,116,6,2.56128,4.39872,0,.0216317065151213,.0214384030135543,.149184219573304
33,1,7,6,26,6,.54288,1.01712,0,.105641296101441,.100376539794408,.149184219573304
26,2,6,6,30,1,.1437,.1563,0,.0715233104375333,.0782017946964227,.0832414181511441
36,1,14,11,81,7.2,1.784592,4.047408,0,.031582724439409,.0181051212753125,.170360679895587
26,2,6,0,35,1.9,.085785,.579215,0,.116110041758793,.0859473439218311,.0927387744457163
40,3,16,6,116,12.1,1.61414,12.42186,0,.040419499157663,.0375201186842416,.281274284360395
44,1,5,3,48,9,1.96992,2.35008,1,.419546849782574,.539840071782864,.206498469635316
29,3,1,10,30,4.5,.27945,1.07055,0,.216056676519648,.173714334236567,.125819411565012
35,3,5,3,37,5.4,.581418,1.416582,1,.191854826533863,.298280089578302,.139435797002348
34,1,16,3,75,10.4,3.9546,3.8454,0,.150278135420963,.101876132175555,.23832247968374
34,3,12,8,47,6.7,1.300537,1.848463,0,.0467253532379116,.0326507042301544,.161260140498931
46,1,14,25,35,10.2,1.34946,2.22054,0,.0105083649200739,.00561450437789939,.233577086224484
41,2,21,22,145,12.2,3.23727,14.45273,0,.00865243191851708,.00431751095365002,.283942686237709
27,2,7,8,30,4,.4476,.7524,1,.0738037237124655,.0781486956512632,.118757642677076
27,4,0,6,70,8,1.6184,3.9816,1,.587813312316951,.443724165375475,.185763039434584
28,1,11,6,24,2.4,.107136,.468864,0,.024749476673271,.00702659639712678,.0984261698495888
48,3,0,27,19,10.8,.849528,1.202472,0,.175862050905876,.28357334480376,.248010417755233
48,3,17,26,113,12,3.37644,10.18356,0,.0174001414170556,.0201313388375823,.278621201773033
29,3,5,6,70,19.9,3.17604,10.75396,1,.747408815898846,.824609097940428,.522101522219013
43,2,9,5,60,20.4,4.0392,8.2008,1,.675773512036067,.735527013613082,.538491757746175
23,1,5,2,17,7.9,.302175,1.040825,0,.21482269866756,.0779835341804321,.183780491732131
29,2,10,8,44,18.1,3.70326,4.26074,0,.463210355633168,.488731554523492,.462956247932683
40,4,5,6,75,1.9,.884925,.540075,0,.139822706481893,.102652004711299,.0927387744457163
22,2,0,3,20,5.6,.2072,.9128,0,.396089607073459,.454842797490177,.142624515618002
23,1,7,3,22,14.4,.849024,2.318976,0,.273793181887658,.208687753671036,.346280273672069
46,3,9,10,60,15.3,1.6065,7.5735,0,.180065459211095,.225447813536022,.373559887669482
55,1,3,11,40,8,.5632,2.6368,1,.200412811653942,.356906369094945,.185763039434584
38,2,8,16,38,.6,.029412,.198588,0,.0186704494553856,.0180302790754831,.0793109640077818
35,2,5,1,33,2.8,.103488,.820512,0,.144444216220467,.150020559915797,.103197745324591
30,1,11,9,27,.9,.073872,.169128,0,.0168057339218797,.0302551640985059,.0822425118007411
24,1,7,0,18,6.5,.5265,.6435,0,.166056568922483,.0992121212227669,.157731427249199
26,2,4,3,28,9.5,.2261,2.4339,0,.261708343555061,.321010838452448,.217489983603156
32,2,2,11,15,9.1,.118755,1.246245,1,.214385374519779,.283906638906214,.208663437695647
37,2,11,4,75,3.5,.632625,1.992375,0,.0425659756903016,.0323839495460047,.112041425041299
39,1,6,19,42,19.9,2.540832,5.817168,1,.359410781650085,.341286574688761,.522101522219013
30,2,4,4,21,18.3,.491904,3.351096,0,.452815177972978,.50095412653638,.469506989528554
30,1,10,11,39,9.5,2.056275,1.648725,0,.10968394275652,.0626539257323471,.217489983603156
32,2,7,10,32,4.3,.43344,.94256,0,.0645370754792931,.0449713734839276,.122952531749586
54,3,21,20,118,14.4,9.60048,7.39152,0,.323345485065464,.414907410904869,.346280273672069
27,3,3,4,35,13.3,1.60132,3.05368,0,.561599458702921,.640896015315683,.314274841148005
31,1,12,4,31,23.7,2.05716,5.28984,0,.31939389024021,.285322817970358,.643045841841552
39,1,15,16,39,1.8,.139698,.562302,0,.00410662310793523,.00195479309944868,.0916372908944199
31,1,5,3,25,14.1,1.17735,2.34765,0,.418577534141023,.6639479786165,.337397088118022
35,1,15,11,40,18.5,1.2136,6.1864,0,.0476334011747351,.0262172847535569,.476068255265623
35,2,10,16,98,13.3,4.874716,8.159284,0,.36590469877783,.260459337326903,.314274841148005
46,2,22,17,144,11.1,3.324672,12.659328,0,.00971225131977405,.011061978939932,.255447474216885
33,1,13,3,52,21.3,2.71362,8.36238,1,.320037252145898,.281724996109103,.567762416513288
35,2,13,3,105,1.9,1.418445,.576555,0,.0388618428296893,.0388983694102182,.0927387744457163
35,2,1,1,21,7.9,.369957,1.289043,0,.448775393337451,.642331873140445,.183780491732131
38,1,5,13,21,9,.44982,1.44018,0,.11835474660706,.0876332231953436,.206498469635316
41,1,19,1,96,7.8,2.253888,5.234112,0,.0292632603057636,.0111730330111807,.181814378077261
38,1,18,19,44,4.5,.60588,1.37412,0,.00258065369072504,.000995043937254798,.125819411565012
34,3,2,14,39,13.2,1.142856,4.005144,0,.355780256126305,.446220967564943,.311445369244008
51,3,16,25,82,4.4,2.604976,1.003024,0,.00798040561242785,.00509474980729944,.124378885097109
34,2,10,2,33,9.5,.573705,2.561295,0,.0986536745410202,.119518761545604,.217489983603156
47,1,15,1,30,24.5,2.21235,5.13765,0,.253301787867894,.315387169714526,.666834453557546
34,2,8,6,78,5.4,2.156544,2.055456,0,.181385448518292,.13238547414672,.139435797002348
27,2,8,7,18,11.9,.400554,1.741446,0,.117048612023759,.12821910939606,.275983534742841
52,1,9,11,24,19.2,.801792,3.806208,1,.152644827865589,.134327154227284,.499082945440632
39,1,9,6,35,5,.23275,1.51725,0,.0527887417432833,.0244133369503838,.133237610593936
33,1,7,0,22,6.4,.630784,.777216,0,.173229594975448,.104769608119357,.155990731712526
34,1,0,1,21,7.2,.187488,1.324512,0,.467704327286804,.46466100780281,.170360679895587
31,3,9,7,59,14.6,3.109654,5.504346,1,.383989292272761,.444903392914332,.352262975063126
28,1,2,9,16,15.2,.870656,1.561344,0,.458362624024994,.219447681232731,.370485039623049
39,1,19,16,45,3.7,.91575,.74925,0,.00287435504733532,.000689319637289508,.114687159414884
51,2,22,23,120,7.6,4.14048,4.97952,0,.00700878881456018,.00679428810876474,.17793130940947
22,1,4,1,16,1.2,.08448,.10752,0,.155989276222094,.282033481173631,.0852723816350024
27,3,6,4,26,10.4,.930176,1.773824,0,.24588597784757,.293363235677264,.23832247968374
32,1,16,10,38,21,.69426,7.28574,0,.0379176694173833,.0190133013256691,.558047710319212
28,2,6,7,38,7.2,.774288,1.961712,0,.149797683513777,.102839418450837,.170360679895587
27,2,1,0,20,10.3,.37698,1.68302,1,.522856464728831,.643730340323063,.235941536859481
26,2,2,6,24,13.6,1.576512,1.687488,1,.584197333771439,.583847992663294,.32284587007031
32,1,14,0,36,2.4,.273024,.590976,0,.021474981110698,.0152641287344108,.0984261698495888
30,1,0,11,17,3.7,.44659,.18241,1,.249311860621361,.44841131814072,.114687159414884
39,1,13,1,38,8.9,1.897302,1.484698,0,.104017285332886,.115730878567787,.204350163433237
31,1,11,6,28,4.8,.345408,.998592,1,.0347059773734625,.0270508826807612,.130226882366666
34,1,15,2,39,24.7,4.373382,5.259618,1,.523381877648511,.505124707570565,.672656723119706
31,1,8,3,41,12.6,.134316,5.031684,0,.143506531375361,.101917146556374,.294767428627967
29,2,1,7,25,10.4,.5694,2.0306,0,.411408484462024,.444977560744615,.23832247968374
29,1,9,0,25,13.9,1.0703,2.4047,0,.243375046934854,.170331588968915,.33153763574231
35,2,9,16,30,7.6,.6498,1.6302,0,.0380077223072106,.0338054434966653,.17793130940947
29,1,11,7,32,6,.92736,.99264,0,.0489210663725121,.0338229649674426,.149184219573304
38,2,2,16,22,22.7,1.208548,3.785452,1,.529953184900277,.643459060834714,.612300250144999
35,1,16,15,36,3.4,.178704,1.045296,0,.00411573013150677,.000987381179884696,.110738662082415
29,1,11,5,36,6.1,.709308,1.486692,0,.0511244536957789,.0315445933916588,.150862537804978
23,2,3,4,34,4.4,.2618,1.2342,0,.213247671219773,.145669067457848,.124378885097109
33,4,9,8,32,5.5,.49632,1.26368,0,.054446250160335,.0309805075595862,.141022623460993
51,2,19,25,159,2.8,1.06848,3.38352,0,.00139678581092456,.00103563657129944,.103197745324591
24,1,4,2,21,2.6,.099372,.446628,0,.162803192027664,.0599872252769152,.100786887619104
31,1,10,12,49,9.8,3.236548,1.565452,1,.186571308231648,.0551211814095796,.224284794561537
45,1,10,14,52,5.4,.932256,1.875744,0,.0341032631437714,.0145667653016218,.139435797002348
29,1,3,1,17,9,.46971,1.06029,0,.368987146713032,.62545336610921,.206498469635316
34,1,0,10,20,17.1,2.04858,1.37142,0,.746431408614133,.724004631784148,.430438062072136
25,2,4,5,27,5,.54945,.80055,1,.195994439703426,.13767211671178,.133237610593936
37,1,20,2,56,1.9,.54264,.52136,0,.00483570503078818,.00964479168884991,.0927387744457163
47,1,29,18,129,25.3,20.56131,12.07569,1,.991215199291947,.995958515369848,.689802467807665
43,2,6,24,54,9.6,.62208,4.56192,0,.0477550659710799,.036403334430089,.21973827701109
47,1,22,19,81,5.5,1.50579,2.94921,0,.00179025134038721,.000460607132569505,.141022623460993
24,1,6,2,21,5.2,.108108,.983892,0,.131448196215285,.0895813156996735,.136307035904262
27,3,5,1,75,6.3,2.206575,2.518425,0,.434169437202295,.351187187172645,.154265727768891
25,1,9,4,18,1.2,.06588,.15012,0,.0408648206061741,.0291020667197157,.0852723816350024
36,3,11,12,44,14.7,.446292,6.021708,0,.053083327795835,.0704774097376786,.355271939089127
39,1,16,20,57,19.4,1.559178,9.498822,0,.0243216096035615,.0151413986809955,.505663556317014
26,1,10,1,25,7.1,1.3064,.4686,0,.127523452407912,.0703632774890552,.168508494102977
41,1,4,19,25,10.1,1.0605,1.4645,0,.141126328275673,.101949192543953,.231229159681675
39,1,19,15,60,27.1,9.5934,6.6666,1,.78072783712096,.724045031254781,.738098099139739
37,1,18,8,54,12.1,4.593402,1.940598,0,.108344949047443,.0573862423385724,.281274284360395
29,1,2,0,14,14.4,.586656,1.429344,1,.581985285573239,.806555550950719,.346280273672069
42,1,6,9,31,11.6,1.02486,2.57114,0,.203148769950883,.188032378880824,.268163933207458
31,4,1,6,29,11.1,1.065489,2.153511,0,.517279210872986,.42734490039897,.255447474216885
36,1,4,15,17,17.3,.520557,2.420443,0,.239604068340807,.104515186984109,.436903005506046
39,1,16,4,52,20,4.16,6.24,0,.299723744828129,.154597415429135,.525384517698378
23,4,0,2,23,6.7,.468464,1.072536,0,.476581438876638,.537183862796473,.161260140498931
39,1,4,15,33,7,.39732,1.91268,0,.105777970704583,.244171827722749,.166672400022865
27,3,4,1,40,3.1,.28396,.95604,1,.196807274157518,.163146753284806,.106909689191686
24,1,8,4,24,5,.3816,.8184,0,.0834136442176919,.142736113430851,.133237610593936
27,3,3,4,45,11,.29205,4.65795,1,.330579204271817,.288036576648623,.25295226288355
41,1,16,22,49,1.6,.4312,.3528,0,.00230185989292683,.00111285961796717,.0894695595917783
38,1,0,8,23,8.1,.897966,.965034,1,.447311663698445,.476795412856468,.187762054224547
40,2,5,12,35,16.4,1.58424,4.15576,1,.348948478178912,.431535035696906,.408010484205201
54,1,25,12,120,26.5,14.5962,17.2038,1,.946429423354986,.95375497625376,.722548115025185
40,1,12,6,89,17.4,2.771994,12.714006,0,.256253988138156,.274811794497439,.440143677259624
40,1,2,4,32,3.7,.853664,.330336,0,.313133404607953,.212884999404819,.114687159414884
29,1,1,8,31,8,.15624,2.32376,0,.291528709575902,.240067222479215,.185763039434584
30,1,8,6,23,12,.76176,1.99824,0,.151403123868468,.0934405079733198,.278621201773033
29,1,1,1,18,1.1,.029898,.168102,0,.268806604992952,.225102132053738,.084251343295237
29,3,3,3,50,2.4,.2592,.9408,1,.197461419625926,.254253332159814,.0984261698495888
28,4,2,4,41,2.5,.4592,.5658,1,.246483132798174,.160979750317155,.0996003083989934
28,4,0,5,38,10.4,.636272,3.315728,0,.521302284300617,.417017104228315,.23832247968374
39,2,16,9,89,14.3,5.001711,7.725289,0,.218289586619073,.228453637031832,.343306913201855
32,1,11,2,53,3.3,.089199,1.659801,0,.0362725932619607,.0300920217520349,.109449179895879
36,2,7,16,43,15.4,2.6488,3.9732,0,.286566585191208,.285974117905667,.376644986754052
39,1,20,12,39,8.2,.773916,2.424084,0,.0042747933127217,.00795268262453786,.189777566816889
28,3,6,8,47,19.8,5.574294,3.731706,1,.885453544195196,.901779860509869,.518816616205483
28,1,4,2,28,14.2,.43736,3.53864,1,.396526748212,.310010504482731,.340345791526492
46,1,6,19,31,12.2,1.98555,1.79645,0,.171398125604353,.164192826027993,.283942686237709
30,2,4,8,15,6.5,.350025,.624975,0,.162856419641797,.173471780344846,.157731427249199
39,2,15,19,32,4.9,.421792,1.146208,0,.00496922469845659,.00501838501173829,.131724949891918
40,3,5,3,220,16,8.1664,27.0336,1,.979036868721187,.988185400933957,.395358472460017
44,2,18,4,74,13.4,4.521696,5.394304,0,.153278133216185,.197675847567969,.317118179812397
30,1,0,8,19,16.6,.624492,2.529508,1,.59436194424121,.368223078180551,.414383652209567
24,2,3,0,19,4.3,.358663,.458337,0,.282154086441548,.350680371388525,.122952531749586
32,1,10,13,32,11.3,1.167968,2.448032,0,.0687159514944213,.120385783342504,.260486177232655
29,2,3,8,15,2.6,.14664,.24336,0,.13525093847502,.144113048474753,.100786887619104
40,2,2,1,36,3.8,.277704,1.090296,0,.296718847457412,.368624034609104,.116030312744454
41,2,8,21,43,.7,.085785,.215215,0,.0130341132652384,.00856576760910068,.0802773786943252
22,1,1,3,17,18.6,.80631,2.35569,0,.695587077884444,.472445268758426,.479352131210508
38,1,10,8,34,1.2,.036312,.371688,0,.0231964822688964,.0579835345263245,.0852723816350024
37,2,6,13,62,8.5,1.18575,4.08425,0,.133177879337882,.175572672151089,.19592336268882
41,3,18,6,71,15.7,6.565583,4.581417,1,.378139551116333,.471497333116231,.385959602609044
41,3,7,6,56,14.5,.37352,7.74648,1,.184999655119564,.337327386860578,.349265689849749
39,1,2,15,22,23.1,1.915914,3.166086,1,.655166551770323,.506129732434555,.62472170332041
24,2,0,2,15,16.1,.321195,2.093805,1,.6573660169274,.730841488836085,.398509074529238
32,3,9,10,51,23,2.68617,9.04383,0,.445813048724541,.394715561117371,.621630984291302
21,3,0,1,26,7.7,1.529528,.472472,0,.664576703671915,.589680447045886,.179864663152346
29,1,13,7,27,2.3,.068931,.552069,0,.0137747210588581,.0036688254600264,.0972643774458258
35,2,14,3,82,.8,.468384,.187616,0,.016428384705025,.0174463153997296,.0812545300027843
29,1,6,7,21,18.1,1.109892,2.691108,0,.358522550246374,.551897739492173,.462956247932683
41,2,2,22,30,6.7,.11256,1.89744,0,.0825812732918285,.118554052961585,.161260140498931
37,1,0,18,18,12.9,1.583604,.738396,1,.44832403203923,.3961886369554,.303041555782365
32,2,3,13,47,1.9,.42864,.46436,0,.103239613919071,.069547043736642,.0927387744457163
36,5,5,12,20,8.1,.729,.891,0,.136304593434815,.221719113292456,.187762054224547
39,2,18,9,44,2.1,.367752,.556248,0,.00409877311128341,.00262487267474735,.0949774523057643
36,1,18,9,67,11.2,5.245296,2.258704,0,.130685583425866,.0759414799063336,.257958800003834
46,3,22,4,99,2.3,.826551,1.450449,0,.00308971823629953,.00224979828571847,.0972643774458258
34,1,13,11,51,9.6,1.875168,3.020832,0,.0513334373348366,.0149333373712455,.21973827701109
27,1,7,4,26,9.1,.641186,1.724814,0,.161974308667445,.114125962679101,.208663437695647
43,1,8,11,45,3.3,.67716,.80784,0,.0499135414175496,.0388219529054895,.109449179895879
33,1,14,8,72,41.3,15.01668,14.71932,1,.999396726695035,.999456995982971,.948096462752087
39,2,20,17,101,1.4,.340774,1.073226,0,.00122282815124538,.000641616951391304,.0873481762044001
29,1,1,4,17,2.5,.13175,.29325,0,.25683427445484,.200879411232922,.0996003083989934
34,4,7,15,40,6.4,.94976,1.61024,0,.0692144775858657,.0352508016480214,.155990731712526
26,1,1,0,21,4.9,.608139,.420861,0,.437159972580685,.279490651957395,.131724949891918
31,1,15,2,60,4.8,.80352,2.07648,0,.023929244549648,.00683541580803366,.130226882366666
26,1,10,6,24,2.7,.31104,.33696,0,.0359860160010938,.016757188195249,.101986001870756
28,1,12,7,45,7.7,1.853775,1.611225,0,.0738431953620997,.0467513802057139,.179864663152346
48,1,13,20,50,30.8,6.1138,9.2862,1,.657473550705739,.693188578722092,.820993039155898
39,2,2,12,46,16,4.00384,3.35616,1,.810805019528355,.811812300499088,.395358472460017
37,1,3,3,25,3.7,.27565,.64935,0,.217879898126336,.274127379577394,.114687159414884
52,5,9,0,70,9.4,1.32916,5.25084,1,.20050559941827,.507736411265483,.215258347740376
48,1,3,11,27,21.3,1.403244,4.347756,0,.567479031693599,.482486033127057,.567762416513288
26,1,7,3,22,5.1,.208692,.913308,0,.103099521452934,.0351758922549762,.134764945811939
46,5,15,0,126,3.1,.476532,3.429468,0,.0201665068703565,.0384056715744706,.106909689191686
31,1,7,10,23,4.9,.2254,.9016,0,.0606511552117159,.0410688025293231,.131724949891918
34,1,13,8,56,6.1,.864248,2.551752,0,.0276210626556431,.00825509634480884,.150862537804978
40,1,22,4,95,3.6,.6327,2.7873,0,.00310104399507149,.000846320375527711,.113357560419516
24,3,2,5,16,6.4,.270336,.753664,1,.276341460013395,.217099828629547,.155990731712526
33,1,2,14,44,3.1,.52514,.83886,0,.137149571887636,.113480201968933,.106909689191686
53,4,5,29,78,17.3,6.935916,6.558084,1,.757882061992549,.717872868351537,.436903005506046
47,3,9,1,52,20.1,2.539836,7.912164,1,.543337180286879,.79148586338283,.528665320220748
35,1,5,5,32,13,.17472,3.98528,0,.238176140324627,.128139342389477,.30582859021282
34,1,14,8,28,17,1.13764,3.62236,0,.0638639295552217,.0362188073102882,.427214320753891
49,1,11,5,39,10.1,2.457936,1.481064,0,.172789130541,.118143115749663,.231229159681675
26,2,0,7,28,9.3,1.270752,1.333248,0,.547167439040393,.465957618914811,.213043376128119
23,1,2,2,16,9.6,.804864,.731136,1,.467493598901464,.661126015782521,.21973827701109
23,2,0,4,21,8.7,.454923,1.372077,0,.478149024935127,.480245924424651,.200103503133251
38,2,4,13,56,1.6,.441728,.454272,0,.0814120245998092,.0878668236201453,.0894695595917783
28,2,5,2,37,8.3,1.123986,1.947014,0,.312191501119683,.331114360813482,.191809605554132
30,3,0,8,65,29.7,3.89961,15.40539,1,.968168696720336,.985002291969076,.798719626144258
34,1,18,10,34,15.4,2.099636,3.136364,0,.0320496697035972,.0549318224685572,.376644986754052
50,2,16,14,71,11.1,1.662891,6.218109,0,.0202830102572364,.0357381909679001,.255447474216885
29,1,12,2,40,6.7,1.63212,1.04788,0,.0880125546093511,.0474564435863809,.161260140498931
42,3,0,9,64,6.6,.278784,3.945216,0,.314325445856699,.50628934107622,.159487876633662
31,1,13,12,27,5,.2376,1.1124,0,.0128394487394704,.00675202406604932,.133237610593936
39,1,10,4,31,4.8,.184512,1.303488,0,.0468587704250761,.0274513508414564,.130226882366666
45,2,21,26,132,3,2.55816,1.40184,0,.00189358487712056,.00108818029335954,.105659495410671
45,1,22,24,91,11.7,1.256346,9.390654,0,.00178684922236087,.000937410881063204,.270754813587066
36,1,14,17,53,5.7,1.888125,1.132875,0,.0182781552518923,.0282060060323765,.144241548322777
25,4,0,6,24,12.1,1.5972,1.3068,1,.669224230810444,.529164291027417,.281274284360395
29,2,1,7,29,21.2,2.330092,3.817908,1,.832577622978128,.85227265771362,.564529588060622
30,2,8,4,56,6.4,.333312,3.250688,0,.0910451315568364,.0902335882131736,.155990731712526
31,1,1,1,24,4.5,.21708,.86292,0,.355872430703579,.398716893444472,.125819411565012
43,1,4,2,29,4.6,.05336,1.28064,0,.184320000478013,.135615941679165,.127274196819662
32,2,11,4,57,23.8,5.439966,8.126034,1,.807400639051636,.779094601609608,.646061231863975
47,1,19,7,50,30.1,3.17555,11.87445,0,.183510837485304,.18763862682097,.807050536335261
46,1,1,15,21,14.8,1.376844,1.731156,1,.46081233778776,.515168775788472,.358292388188577
43,2,16,10,83,4.1,.258628,3.144372,0,.00686108844852277,.00483712630058888,.120141998018177
48,1,3,7,24,7,.7644,.9156,0,.262752006577007,.36185654248002,.166672400022865
30,3,8,7,61,2.8,.549976,1.158024,0,.0607515067157141,.0647669882938361,.103197745324591
23,4,0,4,32,18.4,.818432,5.069568,1,.726515777608471,.606952589658955,.472786447367334
36,4,8,0,32,1.6,.024576,.487424,0,.0706634199403219,.0495359781484504,.0894695595917783
20,3,0,1,17,2.3,.043792,.347208,0,.344296249794987,.400508900962551,.0972643774458258
43,1,16,7,89,.4,.159488,.196512,0,.00597213121539685,.0038851373096946,.0774099701060348
23,1,2,1,25,4.5,.12375,1.00125,1,.291233568964574,.483046712857506,.125819411565012
41,1,21,2,76,20.5,6.94868,8.63132,0,.436083825760213,.459916791871019,.54176098078809
34,1,12,5,68,25.1,7.817144,9.250856,1,.929970060594192,.932249890540324,.68414195968044
50,1,11,5,36,4.8,.834624,.893376,0,.0490810678098238,.0562703897657422,.130226882366666
40,1,9,4,64,6.6,.789888,3.434112,0,.0941258539182932,.091885737483404,.159487876633662
29,2,0,8,22,12.9,1.038708,1.799292,1,.572678017948584,.60436037812037,.303041555782365
39,2,9,16,56,18.7,4.76476,5.70724,0,.526576599170722,.549684502101081,.482637792475104
24,2,1,2,42,5.7,.8379,1.5561,0,.446969865438603,.5096059823555,.144241548322777
27,1,0,5,16,1.1,.130416,.045584,0,.263962685567363,.257210123971445,.084251343295237
40,3,18,14,157,6.6,3.326202,7.035798,0,.0217361703153132,.0104477372086823,.159487876633662
32,2,8,2,45,3.7,.98235,.68265,0,.118692413750908,.129230099843109,.114687159414884
39,2,16,12,53,3.7,.694194,1.266806,0,.00722308720033285,.00623296444172689,.114687159414884
40,1,22,1,100,14.6,5.402,9.198,0,.13878222840431,.11702489729813,.352262975063126
32,1,10,11,42,9.1,1.540266,2.281734,0,.0812896345723571,.0586598600914462,.208663437695647
39,1,23,1,75,18.9,3.132675,11.042325,0,.0479338641456528,.0498756122070139,.489213337068893
24,1,3,3,21,28.9,2.682498,3.386502,1,.910956746754471,.766281219847037,.78125885330834
43,4,18,14,446,6.5,16.03147,12.95853,1,.969659669508975,.810529337533571,.157731427249199
56,1,11,20,59,15,4.6728,4.1772,0,.252929140664267,.289117104410731,.364366949296657
32,3,5,9,23,4.5,.326025,.708975,0,.104213976533291,.0857201238294388,.125819411565012
42,1,7,12,25,10.2,1.62945,.92055,0,.163801842780858,.0992126085193618,.233577086224484
46,3,3,13,43,13.2,3.042336,2.633664,1,.582566827349209,.759321308159435,.311445369244008
31,1,2,2,22,16.4,1.739056,1.868944,1,.732098137876037,.892224093427147,.408010484205201
43,1,25,16,242,2.6,1.63592,4.65608,0,.000921050740974427,.000205798911501312,.100786887619104
28,2,6,9,22,11.5,.65021,1.87979,0,.169351559165221,.189889563831199,.265588815912145
39,3,11,17,39,12.9,2.560779,2.470221,0,.0966635875550554,.0700658983540104,.303041555782365
39,1,0,8,39,7.9,1.066026,2.014974,0,.466825332405981,.542854952672783,.183780491732131
37,4,1,14,33,16.1,2.693691,2.619309,1,.688575965592744,.608890907450969,.398509074529238
30,1,0,11,17,12,.30396,1.73604,0,.38902799846015,.327950681883885,.278621201773033
37,5,9,16,177,5.9,.887655,9.555345,0,.0375077016853043,.0387963402376916,.147521328601
22,1,4,3,14,17.5,.2254,2.2246,0,.417905695139878,.344027926797873,.443389459041857
50,1,1,26,26,14.3,1.851564,1.866436,0,.305149955001896,.27991978871203,.343306913201855
30,1,10,2,19,4.4,.336072,.499928,0,.0574000413989986,.0507080216373563,.124378885097109
39,1,8,0,21,4,.27636,.56364,0,.0979306917017587,.132449649054623,.118757642677076
21,2,0,2,21,12.5,.48825,2.13675,1,.60576398694754,.603273386616664,.292038788109412
31,3,9,2,28,2.6,.121576,.606424,0,.0553161944814954,.0771541568694132,.100786887619104
31,2,9,1,30,5.8,.60204,1.13796,0,.0998600094764963,.138414266245478,.14587379519876
48,1,0,23,30,22.3,2.66262,4.02738,0,.697265078927443,.893551145571022,.599731080212058
28,1,4,1,16,23.8,1.08528,2.72272,0,.706802218486166,.862387906176197,.646061231863975
47,3,16,26,221,17.6,15.791776,23.104224,1,.978482417275991,.975208295434895,.446640081169066
27,2,6,1,34,4.4,.237864,1.258136,0,.141458063106748,.146719216797154,.124378885097109
29,2,6,10,65,18.4,1.98536,9.97464,0,.426193839448027,.497211563810337,.472786447367334
21,2,2,0,20,4.5,.2907,.6093,1,.329048231568699,.380251991412286,.125819411565012
29,1,7,5,20,19.8,1.00584,2.95416,1,.360900474272814,.249298986493205,.518816616205483
24,4,0,3,29,6.6,.589512,1.324488,1,.471417522011022,.308259803478899,.159487876633662
44,1,12,3,31,9.7,.357833,2.649167,0,.052912261570275,.0732732827144548,.222003218251334
22,1,1,0,18,4.4,.270072,.521928,0,.379766054807328,.17707975759406,.124378885097109
38,2,13,0,59,2.4,.407808,1.008192,0,.0293313367610282,.0446973035812178,.0984261698495888
52,2,12,16,76,7.7,.99484,4.85716,0,.0229218219496619,.033961181524439,.179864663152346
25,1,3,2,18,16.3,.35208,2.58192,1,.489785017337885,.694945203788466,.4048353225734
25,1,5,5,22,10.9,.402864,1.995136,0,.22840514373787,.136131956095507,.250473225436072
51,2,27,21,166,11.5,.82087,18.26913,0,.000519591926235467,.000345651671328425,.265588815912145
38,1,21,16,58,16.5,4.58403,4.98597,0,.043003654259038,.0107048150913045,.411193343631029
44,1,9,20,33,5.2,.545688,1.170312,0,.0212963163357749,.01653755042209,.136307035904262
24,2,2,3,26,9.7,.887744,1.634256,1,.461293101187712,.463144796914232,.222003218251334
34,1,5,3,33,7.3,.778107,1.630893,0,.239104781885663,.124099869386781,.172229007335537
25,2,6,2,26,4.5,.0702,1.0998,0,.122204022899605,.118265679419625,.125819411565012
45,3,5,17,94,10.5,3.61242,6.25758,1,.404073316515946,.540470111234706,.240719879471011
34,2,4,10,25,5.8,.56985,.88015,0,.149892441264866,.207167626196222,.14587379519876
27,4,2,8,23,5.7,.319884,.991116,1,.224468270363815,.13664752205336,.144241548322777
33,2,10,13,57,20.9,6.111369,5.801631,1,.745230831768245,.773666957547671,.554799197115373
35,2,0,16,22,15,1.9701,1.3299,1,.589492479102208,.619998412198888,.364366949296657
50,2,15,31,60,1.1,.46794,.19206,0,.00138119234207691,.000739887319606644,.084251343295237
33,1,13,13,42,3.6,.228312,1.283688,0,.0104313748198314,.00322037309033341,.113357560419516
41,3,13,13,91,25.2,2.316132,20.615868,1,.190066872490082,.235819929502069,.686979178800848
28,1,0,2,28,33.3,2.28438,7.03962,1,.964245331832768,.968754436324632,.864377305607644
38,3,12,14,63,16,5.71536,4.36464,1,.461942696867952,.516548026532275,.395358472460017
25,1,3,2,16,17.8,1.01104,1.83696,1,.615174776693884,.489746510767652,.453154759589524
47,2,4,9,33,7.1,1.19493,1.14807,1,.234821562257501,.435269788837559,.168508494102977
30,2,12,9,98,7.2,2.935296,4.120704,0,.107550024468274,.0753344722940259,.170360679895587
44,2,12,5,86,13,1.47576,9.70424,0,.107609226666203,.170815566208969,.30582859021282
25,1,0,2,18,18.9,.513702,2.888298,1,.732830431525352,.876014025410021,.489213337068893
41,2,6,0,36,19.5,4.51386,2.50614,1,.887052061465882,.950275840348134,.508953268502707
22,3,0,1,18,7.7,.47817,.90783,0,.520321489565306,.460274878051609,.179864663152346
35,2,3,11,40,17.2,1.80256,5.07744,1,.534566607921436,.510171442474906,.433667711732591
42,5,6,23,190,7.8,3.15666,11.66334,0,.165472354875307,.193342466732127,.181814378077261
38,1,3,19,23,14.7,.831726,2.549274,0,.216118811860452,.15036271419462,.355271939089127
23,2,1,3,18,18.7,.885258,2.480742,1,.706912324427979,.707448376627418,.482637792475104
28,3,2,5,30,19.9,1.52235,4.44765,0,.720374152552816,.691310211868081,.522101522219013
52,1,19,25,89,4.7,.397385,3.785615,0,.0011248124963648,.00213751295507109,.128743325737245
25,1,9,2,20,3.5,.105,.595,0,.0590868384404125,.0313910848709543,.112041425041299
28,2,1,4,16,14.7,.573888,1.778112,0,.566530276886241,.525670375460752,.355271939089127
43,1,19,11,79,7.5,.7821,5.1429,0,.00557435222264044,.00377915757487893,.176014277117858
24,2,3,1,24,19.1,2.172816,2.411184,0,.790973718880468,.832410344048527,.495792616651755
34,3,13,7,52,9.2,1.497392,3.286608,0,.0550180408322045,.0664470198326887,.210845072506912
29,2,6,9,25,4.2,.58485,.46515,0,.0934663140725528,.0865376411484905,.121540265102462
31,1,6,9,21,8.3,.728574,1.014426,0,.138502890538379,.0622036230721761,.191809605554132
42,2,14,1,48,8.6,1.201248,2.926752,1,.0561850320242424,.102771410153082,.198005125485801
49,2,11,1,51,15,.54315,7.10685,0,.129468267778651,.26763232486958,.364366949296657
39,1,22,9,73,14.3,3.726723,6.712277,0,.030418428784101,.0227131003080264,.343306913201855
45,3,0,19,22,4.2,.030492,.893508,0,.124931153385961,.22842561681935,.121540265102462
41,1,7,22,32,2.9,.072384,.855616,0,.0183572086058244,.0149860111264343,.104422211934525
29,2,9,0,46,1.6,.241408,.494592,0,.0632751655098585,.0453038175531906,.0894695595917783
35,3,7,5,38,15.1,1.382858,4.355142,0,.316418478255356,.314630258179631,.367420656592906
27,2,5,6,25,6.8,.7055,.9945,0,.184362329684127,.132582169278203,.163048277810623
28,1,4,7,19,4.1,.286672,.492328,0,.141362160226111,.087586408075437,.120141998018177
48,1,17,22,66,3.2,1.46784,.64416,0,.00376171314915747,.00129623398956367,.108172886416567
24,1,2,5,18,6,.52812,.55188,0,.29937428312194,.253138747928099,.149184219573304
31,1,6,12,33,4.2,.14553,1.24047,0,.0591062735455258,.0184683431108316,.121540265102462
43,1,10,9,69,6.4,.410688,4.005312,0,.0411690762337516,.0381602198670492,.155990731712526
42,1,3,10,24,10.6,.666528,1.877472,0,.266242525139815,.259469051318226,.243133697635996
51,2,31,14,249,7.8,4.27284,15.14916,0,.00181069048627053,.00146830905327639,.181814378077261
22,1,4,3,19,23.1,1.88727,2.50173,1,.753090719362856,.646574329783906,.62472170332041
37,1,6,10,31,11.7,1.701063,1.925937,1,.258901634793357,.198493298672782,.270754813587066
22,3,1,3,25,13.8,1.97685,1.47315,1,.745244640179527,.780352202505416,.328627227393458
49,2,2,13,20,16.9,.37856,3.00144,1,.348909748418072,.448638522985708,.423996750019665
29,1,9,8,30,8.2,.15498,2.30502,0,.0566885539412108,.0419218626036937,.189777566816889
42,1,2,16,30,9.7,1.47246,1.43754,0,.293947559966662,.163921396775045,.222003218251334
34,1,15,0,67,13.2,3.741012,5.102988,0,.245765436108538,.230247238017664,.311445369244008
34,2,9,7,27,1.7,.295137,.163863,0,.0382724167344613,.0519173969791936,.0905475842743514
32,2,5,5,43,15,1.806,4.644,1,.487140031236564,.542037090671465,.364366949296657
42,2,18,23,66,9.6,1.641024,4.694976,0,.00527852916154055,.00484493377754465,.21973827701109
24,1,3,0,14,16.1,.838488,1.415512,1,.594520034016748,.340543303550904,.398509074529238
34,1,16,9,48,7.6,1.473792,2.174208,0,.0200644121691655,.0353531568268403,.17793130940947
26,1,10,2,32,4.7,.126336,1.377664,0,.0525357497562272,.0159000736441678,.128743325737245
30,2,12,9,68,20.1,2.856612,10.811388,0,.264548261382332,.258953817586811,.528665320220748
32,1,4,3,16,28.5,.89376,3.66624,1,.735464114860276,.749166212870538,.772128770001601
38,3,13,18,25,5.7,.343425,1.081575,0,.00894780358459149,.00979784061314607,.144241548322777
43,2,10,24,37,8.5,.676175,2.468825,0,.0174772017613723,.0209776964222984,.19592336268882
31,2,9,8,53,13.5,1.194885,5.960115,0,.148280993263613,.109027864872214,.319975239349056
37,4,10,18,123,17.3,3.021618,18.257382,0,.194493458660357,.117874758598287,.436903005506046
37,2,4,11,20,21.7,.1736,4.1664,1,.345178224267928,.472260172038497,.580633493942323
41,3,12,11,86,26.5,4.99101,17.79899,1,.646333248817239,.710385623339797,.722548115025185
32,1,0,4,20,3,.2634,.3366,1,.33174095661209,.614620154656394,.105659495410671
22,2,0,1,35,9,.7812,2.3688,1,.591389618518579,.514285574026441,.206498469635316
32,2,12,3,63,18.2,5.549544,5.916456,0,.698539002399478,.716056179014485,.466230162951689
47,2,17,23,41,9.5,.455715,3.439285,0,.00338765545818887,.00228162664985376,.217489983603156
40,1,21,21,46,6.2,.966828,1.885172,0,.00151543228867069,.00066684186858938,.15255635158718
31,1,8,1,22,6.7,.369974,1.104026,0,.118186529926148,.050740455113735,.161260140498931
34,3,7,0,27,2.2,.125334,.468666,0,.0976819056270708,.101663812013793,.0961148365238271
52,4,13,17,234,7.7,7.38738,10.63062,0,.39809548054716,.256097261367707,.179864663152346
28,1,2,2,17,2.5,.199325,.225675,1,.249014583616521,.478430566016741,.0996003083989934
38,3,15,18,63,13.4,5.090526,3.351474,0,.142727059668016,.140456482266937,.317118179812397
33,2,10,4,26,3.1,.030628,.775372,0,.0372962357812422,.0414993729850726,.106909689191686
39,2,9,12,32,6.6,1.429824,.682176,0,.0725912944664171,.0812201092170144,.159487876633662
47,3,23,11,115,4,.6532,3.9468,0,.00144648110836776,.00154225302385462,.118757642677076
36,2,11,8,49,1.3,.272636,.364364,0,.0210693163056843,.0259916157649352,.086304627715115
29,3,7,2,84,13.6,6.91152,4.51248,1,.924768238458193,.90375948173422,.32284587007031
48,4,14,10,59,16.5,4.935645,4.799355,1,.328411065204908,.479203818610579,.411193343631029
38,3,12,18,64,5.8,.894592,2.817408,0,.015671487811099,.0158844229013769,.14587379519876
46,2,9,26,15,4.3,.014835,.630165,0,.00902415335723877,.0124564211405367,.122952531749586
27,3,5,4,42,19.9,2.707992,5.650008,1,.72693760370607,.787394725831696,.522101522219013
54,1,18,34,114,8.5,3.2946,6.3954,0,.00505598981147993,.00266911738578658,.19592336268882
27,4,0,0,25,12.7,1.419225,1.755775,1,.758254211825314,.831473031242501,.297510850128549
23,1,1,0,17,1.6,.011696,.260304,0,.29199039760929,.209056386995323,.0894695595917783
41,1,23,2,91,13.7,.573482,11.893518,0,.0067231210163287,.00491523421635326,.325729918501149
24,1,3,5,15,11.3,.072885,1.622115,1,.291953911500523,.464712479328329,.260486177232655
28,1,9,0,22,27.7,5.283498,.810502,1,.923999364882084,.963417139068732,.753074405700566
26,1,0,0,14,10.5,.25578,1.21422,0,.570108444774455,.494909809856162,.240719879471011
24,1,8,0,17,5.6,.569296,.382704,1,.128828923754901,.0737112173913011,.142624515618002
49,2,22,4,79,7.3,.28835,5.47865,0,.00352748588431805,.00494419699508942,.172229007335537
28,2,3,1,36,8.6,.383904,2.712096,0,.349545470815395,.45401140677745,.198005125485801
38,1,6,17,18,13,.13104,2.20896,0,.0827711555283944,.0751774302497968,.30582859021282
33,2,2,9,37,4.5,.834165,.830835,0,.243737292178848,.209582400014209,.125819411565012
26,1,8,4,25,4.7,.210325,.964675,0,.0743670620066025,.0232935817488702,.128743325737245
36,1,9,1,40,9.8,1.97568,1.94432,0,.257572992125953,.280852018730841,.224284794561537
37,3,16,14,50,36.6,7.32,10.98,1,.834081030427387,.872401325513599,.907750191886664
25,4,0,1,18,33.4,2.801592,3.210408,1,.975423921244021,.954977989956718,.865912855466288
29,1,9,2,33,4.8,.693792,.890208,0,.089829432704561,.0641544415215594,.130226882366666
27,2,8,4,38,6.9,.364458,2.257542,0,.0963059974843328,.088769593973677,.164852345821016
45,1,17,0,62,15,2.4366,6.8634,0,.100194274758317,.0609829825809047,.364366949296657
37,1,9,8,57,5.5,1.357455,1.777545,0,.0861853182762839,.0663744710458311,.141022623460993
29,2,3,6,26,6.1,.537654,1.048346,1,.238697600914421,.255681503940381,.150862537804978
51,1,10,1,44,13.2,4.960032,.847968,1,.670161419821311,.732332081612929,.311445369244008
22,3,0,0,23,8.4,.372876,1.559124,1,.540915698633663,.621830884191776,.193858196359287
30,4,7,10,30,15.7,.26376,4.44624,0,.146191577036926,.0830857319962227,.385959602609044
31,1,7,2,20,12.3,.1107,2.3493,0,.182032926592779,.37678606846009,.286626307353922
28,1,2,0,18,14.8,1.939392,.724608,1,.757927497294184,.897351357120019,.358292388188577
35,1,10,16,39,5.7,.217854,2.005146,0,.0200548434443216,.011793774850639,.144241548322777
25,4,1,1,34,8.5,.13294,2.75706,1,.428378429112758,.509217773331008,.19592336268882
32,2,5,0,28,14.8,2.594144,1.549856,1,.687558139936416,.792137546424596,.358292388188577
33,1,2,10,24,9.6,1.041408,1.262592,0,.344199797295135,.171050280336972,.21973827701109
28,2,3,4,41,25.1,5.896743,4.394257,1,.977033206954784,.972009138696991,.68414195968044
46,3,4,17,73,5.4,2.223288,1.718712,0,.199080215652094,.1954820795374,.139435797002348
41,1,24,12,83,14,6.58854,5.03146,0,.0706063333582533,.117449606697292,.33446097880431
42,2,11,5,73,6.8,2.869192,2.094808,0,.164981783537884,.154687881333859,.163048277810623
41,4,9,13,47,5,.4371,1.9129,0,.0342621743155444,.019126120423621,.133237610593936
26,1,3,5,29,25.7,2.526567,4.926433,1,.857059752434653,.837779240853546,.700953572253413
47,1,27,8,113,9.2,2.380684,8.015316,0,.00297361668163738,.000964700474630358,.210845072506912
29,1,1,3,18,25.6,1.98144,2.62656,1,.892600596560856,.855808736079259,.698187369361663
34,1,3,14,36,4.7,.624348,1.067652,0,.131965059377348,.114280824949195,.128743325737245
36,1,7,2,43,6.2,1.03974,1.62626,0,.181128207355189,.200800192119201,.15255635158718
38,2,7,4,64,3,.65088,1.26912,0,.101882332575132,.0928194188433943,.105659495410671
41,2,4,14,26,19.2,1.47264,3.51936,1,.410873009980703,.557666139840225,.499082945440632
46,1,9,23,31,13.8,1.617084,2.660916,0,.0630660223586654,.146304831590547,.328627227393458
40,3,3,15,55,16.5,1.751475,7.323525,1,.431053834033333,.449834630818082,.411193343631029
44,2,17,0,129,2.5,.551475,2.673525,0,.0123878566234818,.00924239691428433,.0996003083989934
35,3,10,15,39,10.4,1.60212,2.45388,0,.0691547976135937,.0462135471148776,.23832247968374
36,1,20,15,60,5.4,1.05624,2.18376,0,.00307967331844278,.00064139752103716,.139435797002348
28,2,0,3,30,4.8,.12096,1.31904,1,.367765701315854,.419125528915782,.130226882366666
29,2,6,7,18,5.1,.44982,.46818,1,.108373073720757,.133624930862779,.134764945811939
23,2,3,3,22,11.4,1.274064,1.233936,1,.493419829286373,.476901541507739,.263029539285341
41,2,7,17,63,15.4,4.637556,5.064444,0,.53648252901235,.490576767815139,.376644986754052
25,1,1,1,19,6.9,.190095,1.120905,0,.402046071152446,.351605011542296,.164852345821016
45,2,2,19,29,5.4,.443178,1.122822,0,.11013649404162,.11490923685275,.139435797002348
48,2,30,14,148,7.2,3.974688,6.681312,0,.00184498555636606,.00120049435971645,.170360679895587
38,1,18,7,45,7,.5355,2.6145,0,.00814765695939444,.00455501587492096,.166672400022865
29,1,6,4,46,5.4,1.169964,1.314036,0,.193939821689202,.0732534566663731,.139435797002348
42,4,15,8,186,3.6,2.403864,4.292136,0,.0327728686931709,.01251334215159,.113357560419516
31,1,11,12,47,10.9,2.863757,2.259243,0,.13805275934834,.0390659793673654,.250473225436072
40,1,3,13,23,6.9,.409446,1.177554,0,.150408430239972,.126245776788736,.164852345821016
26,1,2,6,21,19.8,1.022868,3.135132,0,.63877329371723,.374274864006657,.518816616205483
25,1,6,6,22,20.2,2.261996,2.182004,0,.585398830975112,.453776057433664,.531943648120058
53,4,7,11,61,7.9,1.874591,2.944409,0,.16637900603441,.163983491417098,.183780491732131
50,3,18,27,102,14.1,5.781564,8.600436,0,.0576451575171498,.0685852148233537,.337397088118022
47,1,31,9,136,23.1,14.231448,17.184552,1,.759645308266487,.902404220880746,.62472170332041
23,1,1,0,21,8.4,1.210104,.553896,1,.598966729240879,.347132659667299,.193858196359287
37,3,12,8,83,4.1,.319882,3.083118,0,.0217314690587568,.0257229185613326,.120141998018177
41,1,24,15,100,11.5,5.06,6.44,0,.0194996565911007,.00462196127526218,.265588815912145
28,2,0,7,29,13.3,2.148349,1.708651,1,.739844454285654,.758224583609614,.314274841148005
31,1,7,11,41,30.7,2.995706,9.591294,1,.739498668217328,.719404557150261,.819050570317462
41,2,6,1,19,6.3,.124488,1.072512,0,.15440128421325,.260756584682649,.154265727768891
36,1,7,17,40,9.9,1.69488,2.26512,0,.116559266829865,.0784044324166721,.226582990088464
41,1,1,16,19,4.4,.241604,.594396,0,.141027592596853,.164085768344763,.124378885097109
53,2,16,31,44,5.6,1.333024,1.130976,0,.00264316158910259,.0017289877877627,.142624515618002
31,2,6,5,25,11.5,2.331625,.543375,0,.425117480109562,.363858731494248,.265588815912145
28,2,5,6,25,2.9,.338575,.386425,0,.114908561574861,.140524577718053,.104422211934525
48,1,28,25,70,12,4.3344,4.0656,0,.00230090900858265,.00327810909632433,.278621201773033
23,2,0,1,42,3.9,1.018836,.619164,1,.513925992295542,.573794388653234,.117387110612356
31,1,11,6,34,6.8,.298248,2.013752,0,.0400785478384696,.0128445784989909,.163048277810623
27,1,6,6,43,4.9,.882833,1.224167,0,.142367944626191,.0457943992696313,.131724949891918
43,1,11,17,37,1.3,.179894,.301106,0,.00972778692319322,.00344582452531111,.086304627715115
29,2,5,7,28,18.7,2.125816,3.110184,0,.573439482404402,.493363743014012,.482637792475104
53,1,6,7,27,6.4,.594432,1.133568,1,.12899667507103,.45798444943145,.155990731712526
38,1,4,9,19,13.6,1.245488,1.338512,0,.359259240477917,.353876687626427,.32284587007031
30,1,12,10,38,8.5,.17119,3.05881,0,.0249323412470328,.00668501077150786,.19592336268882
28,3,2,0,20,9.4,.23312,1.64688,1,.422387550214371,.417274777257236,.215258347740376
36,1,11,2,33,32.5,1.26555,9.45945,0,.492921784929974,.459357981965784,.851553661145915
48,1,15,5,60,2.1,.3213,.9387,0,.0113536076486031,.0364177140241956,.0949774523057643
31,1,12,9,24,6.6,.441936,1.142064,0,.0266575097819903,.0188298545875526,.159487876633662
35,1,16,10,57,10.5,1.143135,4.841865,0,.0197766715845847,.0118583407373222,.240719879471011
50,1,4,4,23,12.5,.140875,2.734125,0,.28856005964858,.268133317468759,.292038788109412
42,2,12,9,55,15,2.53275,5.71725,0,.160004694441663,.207225496732451,.364366949296657
40,1,2,3,28,7.1,.184884,1.803116,0,.312733953973942,.335673703316853,.168508494102977
37,2,0,13,31,.9,.118017,.160983,1,.154439813138947,.233322778946896,.0822425118007411
31,3,6,8,54,2.8,.402192,1.109808,0,.0817339628961106,.0952618495503443,.103197745324591
38,1,11,13,35,8,1.2656,1.5344,0,.0437504172953391,.0150307048237088,.185763039434584
35,1,15,1,77,10.6,5.501188,2.660812,0,.395682696092858,.352862764550154,.243133697635996
44,1,24,10,101,5.6,2.992024,2.663976,0,.00539347096259721,.00137593929831104,.142624515618002
44,2,21,14,113,13.2,3.192024,11.723976,0,.0174824590465951,.0177723355388229,.311445369244008
33,1,0,12,23,.9,.077418,.129582,0,.162164224610614,.0709734361885489,.0822425118007411
35,1,7,14,29,4.9,.264306,1.156694,0,.0455320705802755,.0153935008751125,.131724949891918
36,3,10,4,43,13,.96148,4.62852,0,.136621643549118,.210073250945935,.30582859021282
23,2,3,4,24,6.3,.55188,.96012,0,.274574171429019,.305546260511027,.154265727768891
27,1,0,7,18,12.8,.582912,1.721088,0,.525985165899973,.28621590294392,.300268933495266
34,1,6,1,20,1.2,.04248,.19752,0,.0999626199709656,.262585047506651,.0852723816350024
35,1,0,5,34,11.1,1.369962,2.404038,1,.638174661428536,.65617044913338,.255447474216885
24,2,4,4,20,3.7,.32412,.41588,0,.171627763131203,.197757803505967,.114687159414884
48,1,30,8,101,6.4,1.87456,4.58944,0,.000841109672164176,.000591555907836769,.155990731712526
26,2,8,1,40,11.8,.44368,4.27632,0,.17985599734687,.180012060339347,.273361375766833
40,1,6,9,36,2.1,.390852,.365148,1,.0711902915770124,.188448597957658,.0949774523057643
34,1,9,8,48,9.3,.419616,4.044384,0,.071551663246706,.0539672355213421,.213043376128119
35,1,17,4,42,3,.09324,1.16676,0,.00723193916423059,.0148538409124644,.105659495410671
30,1,7,2,33,25.4,1.165098,7.216902,1,.564101779056092,.532724218664806,.692611686311396
20,1,4,0,14,9.7,.200984,1.157016,1,.312145073039738,.119565220748366,.222003218251334
36,4,1,17,30,11.5,.3243,3.1257,0,.229003011714723,.159674743523587,.265588815912145
21,1,1,1,16,6.3,.14112,.86688,0,.382731698657883,.299956003750269,.154265727768891
34,1,18,10,53,10.5,.840315,4.724685,0,.0103333788116865,.0178749805024298,.240719879471011
35,1,7,5,39,16.1,1.701609,4.577391,1,.377688743927887,.400253851945377,.398509074529238
35,3,1,4,20,7.9,.8532,.7268,0,.456991810311555,.496680354856245,.183780491732131
34,1,10,1,33,10.3,2.501664,.897336,1,.277740293150401,.244809220224309,.235941536859481
33,1,12,12,68,10.8,1.365984,5.978016,0,.0501538815591966,.0351755748416437,.248010417755233
30,1,4,2,18,10.7,.227268,1.698732,0,.299585258226557,.238627739507472,.245563892199606
24,2,0,5,16,7.3,.024528,1.143472,0,.368444933292986,.37735777033033,.172229007335537
47,1,31,8,253,7.2,9.308376,8.907624,0,.0477718241275046,.0210343150221528,.170360679895587
53,1,0,26,27,28.9,2.754459,5.048541,1,.773074676236898,.815202579578339,.78125885330834
22,3,0,2,20,4.7,.21902,.72098,0,.398143401034563,.335897933053606,.128743325737245
48,2,6,1,66,12.1,2.31594,5.67006,0,.516782261820746,.654408468767263,.281274284360395
36,2,6,15,27,4.6,.262062,.979938,1,.0517030788226776,.0533856565303506,.127274196819662
29,2,6,4,21,11.5,.369495,2.045505,0,.206713344623475,.265625944799879,.265588815912145
33,1,15,3,32,7.6,.491264,1.940736,0,.0236269916572269,.00790774150567347,.17793130940947
45,1,19,22,77,8.4,2.302608,4.165392,0,.00589932050396104,.00373452763671496,.193858196359287
37,1,12,14,44,14.7,2.994684,3.473316,0,.138690005437729,.0945875149443613,.355271939089127
36,1,16,13,32,10.9,.544128,2.943872, ,.0114875527971704,.00322806168135361,.250473225436072
50,1,6,27,21,12.9,1.316574,1.392426, ,.0726114464992575,.0327308980645512,.303041555782365
40,1,9,9,33,17,4.8807,.729299999999999, ,.643710459522148,.834215121162002,.427214320753891
31,1,5,7,23,2,.046,.414, ,.0854981599102597,.066489348302383,.0938521299241721
29,1,4,0,24,7.8,.866736,1.005264, ,.359774799130073,.329222861800376,.181814378077261
25,2,1,3,14,9.9,.232848,1.153152, ,.432872516685826,.457541744134291,.226582990088464
34,1,4,3,28,9.4,1.058064,1.573936, ,.361416584842561,.397209190265332,.215258347740376
50,1,30,8,150,32.5,13.5525,35.1975, ,.871607740258965,.979314775117766,.851553661145915
27,1,5,5,26,1.2,.130416,.181584, ,.0971204931858335,.0335203915682403,.0852723816350024
31,4,7,12,97,6,1.82748,3.99252, ,.131534690645045,.0577719378349568,.149184219573304
45,1,8,25,27,2.6,.415584,.286416, ,.0134482517259301,.00978087013229768,.100786887619104
35,1,10,8,28,1.3,.109928,.254072, ,.024380800462821,.00872571524452195,.086304627715115
47,2,27,7,107,6.1,1.638277,4.888723, ,.00160539769677082,.00102707097646893,.150862537804978
50,3,25,7,94,5.3,1.733736,3.248264, ,.00256431471801675,.0035503681647804,.137863960208698
37,2,15,11,108,11.8,5.250528,7.493472, ,.21863316088029,.23771179660245,.273361375766833
46,1,7,6,41,23.4,.585234,9.008766, ,.359864977139988,.298130458316168,.633932218335982
26,4,1,5,92,13,6.50624,5.45376, ,.968799902806716,.973735005586949,.30582859021282
33,1,16,12,46,8.1,2.399544,1.326456, ,.0277146525837911,.0136594609181145,.187762054224547
43,1,8,0,32,19,1.23424,4.84576, ,.413972039309728,.459898137933024,.49250265225025
49,2,14,26,63,15.8,.935676,9.018324, ,.0125046673259034,.0143640118188468,.389083502643099
44,1,2,15,22,9.6,1.091904,1.020096, ,.264652175283733,.19080915349792,.21973827701109
32,1,12,10,33,11.2,.79464,2.90136, ,.0443285369286026,.0819662082677841,.257958800003834
38,1,5,4,20,1.5,.0915,.2085, ,.104873514080156,.13403758609128,.0884031218767908
52,1,33,23,139,5.6,2.288496,5.495504, ,.00014195589004454,4.30533207810918E-05,.142624515618002
35,1,10,3,24,21.3,1.083744,4.028256, ,.276933770119825,.523176943935466,.567762416513288
33,4,4,12,22,5.5,.56628,.64372, ,.127142760861158,.157315371502326,.141022623460993
35,1,11,12,77,4.7,1.100176,2.518824, ,.0326302918070483,.0181994906593028,.128743325737245
34,2,9,3,40,1.6,.37376,.26624, ,.0540236499277268,.0765587386277039,.0894695595917783
39,1,19,16,53,3.7,.190217,1.770783, ,.00189852521524438,.00112026795820438,.114687159414884
31,1,8,4,27,5.4,.673596,.784404, ,.10027032434908,.0383557315083574,.139435797002348
37,1,5,11,27,9.4,.41877,2.11923, ,.138465093636883,.14302069045465,.215258347740376
44,1,19,9,40,10.9,.34444,4.01556, ,.0068804278065953,.00338017627798689,.250473225436072
30,1,1,1,27,12.3,1.275264,2.045736, ,.668518576758208,.698840795507246,.286626307353922
37,1,18,9,58,10.3,2.86752,3.10648, ,.0343296919479264,.0245419487698714,.235941536859481
35,1,11,9,40,2.9,.57188,.58812, ,.0264113320955352,.017635706187234,.104422211934525
43,1,4,11,26,7.1,.751322,1.094678, ,.168266827996484,.0983244492682613,.168508494102977
26,1,0,5,17,5,.14195,.70805, ,.337462129665869,.247031922391965,.133237610593936
35,1,13,4,42,17.6,.768768,6.623232, ,.0931446621664986,.0797409267786159,.446640081169066
24,1,4,0,19,11,1.18503,.90497, ,.472152160034313,.431557704890168,.25295226288355
24,1,4,1,23,4.9,.242305,.884695, ,.219024850717047,.0860479596051871,.131724949891918
26,3,3,1,40,10.8,1.89648,2.42352, ,.608223780647997,.559305739654633,.248010417755233
34,1,10,12,48,5.1,.264384,2.183616, ,.0268481737218662,.0509232149688491,.134764945811939
44,4,18,23,78,1,.56472,.21528, ,.00133881836177851,.00100716595517631,.0832414181511441
46,1,9,6,72,5,.828,2.772, ,.0726857580811996,.0798246006414922,.133237610593936
40,1,17,5,55,11.4,2.12553,4.14447, ,.0432188671971566,.0209983262721194,.263029539285341
37,4,2,1,29,15.4,2.782318,1.683682, ,.831466994067896,.912916908629694,.376644986754052
35,3,5,13,30,10.6,1.5264,1.6536, ,.222700416952237,.186369972585151,.243133697635996
46,2,18,18,55,4.4,.41866,2.00134, ,.00249246767214041,.00230566397856322,.124378885097109
40,3,5,18,28,10,1.2628,1.5372, ,.134676466412711,.18692763469663,.228897785847298
48,2,21,14,86,1.2,.145512,.886488, ,.0010756380342207,.000916377618718263,.0852723816350024
53,1,33,25,324,7,7.05348,15.62652, ,.00209011739568821,.000515441417643427,.166672400022865
45,3,9,0,84,13.1,1.276464,9.727536, ,.252231578813068,.493796921638054,.308629906178795
32,3,6,12,22,6.7,.384714,1.089286, ,.0824303599805068,.0610970298490689,.161260140498931
43,1,15,21,62,9.4,.693532,5.134468, ,.00732511282226223,.00534853436362729,.215258347740376
29,2,3,9,32,9,1.07136,1.80864, ,.301159194696143,.353954144869774,.206498469635316
47,2,7,24,49,.9,.253575,.187425, ,.0145657836766771,.0111811485762321,.0822425118007411
21,2,1,0,17,10.5,.555135,1.229865, ,.55261089536641,.555720460750043,.240719879471011
30,1,0,2,20,5.4,.62208,.45792, ,.469919444131368,.506007023568465,.139435797002348
25,3,3,2,54,7.4,1.162836,2.833164, ,.410505394754055,.469360105682629,.1741135244113
27,1,6,2,52,13.8,1.90164,5.27436, ,.47466392516548,.401353327897845,.328627227393458
36,1,4,17,25,4,.144,.856, ,.0625583701544497,.0541103123023765,.118757642677076
35,1,12,3,30,15.4,1.89882,2.72118, ,.182626310926696,.0808330845733412,.376644986754052
33,1,11,6,35,15.9,.506415,5.058585, ,.0950475595041196,.0618106811509883,.392216536734221
21,3,0,1,41,19.5,2.36652,5.62848, ,.900688456056387,.877788274695845,.508953268502707
44,1,18,0,61,10.8,2.806488,3.781512, ,.0693678624690985,.0354529675348618,.248010417755233
37,1,19,7,38,13.5,2.59065,2.53935, ,.0358082501342772,.0193286869079159,.319975239349056
27,1,5,7,26,6.8,.54808,1.21992, ,.159961564323207,.0554642658667727,.163048277810623
37,2,11,11,47,9.6,1.597248,2.914752, ,.0697350367842396,.0513822486670596,.21973827701109
48,2,9,22,44,5.9,2.133912,.462088, ,.0466037460388233,.0538613410108856,.147521328601
30,1,4,2,21,3.5,.228585,.506415, ,.184818221319151,.190193472488181,.112041425041299
22,4,0,1,25,12.2,1.49145,1.55855, ,.742525782238642,.621182991311205,.283942686237709
39,2,18,18,47,7.6,1.564536,2.007464, ,.00634988468386346,.00585184865054411,.17793130940947
26,1,5,6,18,15.5,.57474,2.21526, ,.3112947494435,.195343826519157,.379740119687955
29,2,9,8,30,21.7,3.6456,2.8644, ,.5938474589932,.474934080027651,.580633493942323
47,1,29,20,169,2.2,.349492,3.368508, ,.000116573069192773,3.86872421560466E-05,.0961148365238271
33,2,5,2,37,8.4,1.028748,2.079252, ,.302454221214931,.367428742600885,.193858196359287
23,2,2,2,48,7.5,.5112,3.0888, ,.381346240289106,.430253211685295,.176014277117858
25,2,5,5,35,16.5,1.969275,3.805725, ,.543515861214242,.439979050113993,.411193343631029
34,1,4,6,23,5.6,.616952,.671048, ,.197637349122878,.182275857174583,.142624515618002
56,1,19,26,66,3.3,.847242,1.330758, ,.00118590208028199,.000823024620106162,.109449179895879
32,1,7,10,23,9.8,.861028,1.392972, ,.125282666387958,.0896880910793482,.224284794561537
27,3,0,4,50,14.7,1.0437,6.3063, ,.685574080111176,.668873133198848,.355271939089127
41,2,6,7,36,13.9,1.486188,3.517812, ,.323685640116278,.43709583273108,.33153763574231
30,1,8,11,27,20.3,3.743523,1.737477, ,.57720053295279,.442237033885496,.535219220583298
38,4,13,2,126,13.7,7.612542,9.649458, ,.812127269486768,.726539746725243,.325729918501149
31,1,6,1,45,7.3,.58473,2.70027, ,.206114805041342,.206831180596397,.172229007335537
37,3,16,8,75,.1,.02205,.05295, ,.00496117780099533,.00487685642182965,.0746366702653457
30,2,2,2,26,3.8,.248976,.739024, ,.276742413405469,.389665616713584,.116030312744454
44,2,8,18,43,5,.5547,1.5953, ,.0312164736388365,.0262345783826863,.133237610593936
25,2,5,3,42,15.5,3.36567,3.14433, ,.740556147038671,.659006379004975,.379740119687955
33,2,10,2,54,3,.11988,1.50012, ,.0453884086493917,.0345765938037025,.105659495410671
25,1,3,5,31,8.1,.881361,1.629639, ,.330680024929408,.245509955760754,.187762054224547
45,1,14,26,46,5.1,1.262148,1.083852, ,.00590252874464266,.00158330778171002,.134764945811939
23,1,6,2,15,12.7,1.37541,.52959, ,.377528153414041,.234305226183715,.297510850128549
43,1,24,22,254,7.7,7.001764,12.556236, ,.0239120469401281,.00690173531162631,.179864663152346
38,2,12,14,40,5.1,.8976,1.1424, ,.0203284142102731,.0238350974967591,.134764945811939
24,1,1,4,16,7.2,.877824,.274176, ,.44518716489421,.212526154397922,.170360679895587
29,2,2,4,16,10.5,.43344,1.24656, ,.395061442243067,.443300763668651,.240719879471011
40,1,23,16,81,10.9,.997677,7.831323, ,.00215678544962361,.00110162115795492,.250473225436072
47,1,3,1,21,15.4,.067914,3.166086, ,.449699066931754,.475153913216383,.376644986754052
24,1,1,5,16,9.2,.185472,1.286528, ,.372486404378013,.25505116972065,.210845072506912
35,2,0,6,35,12.4,2.38266,1.95734, ,.76516809902048,.82969166847384,.289325043862157
38,1,1,9,42,9.1,.890526,2.931474, ,.389033008777821,.442995405592833,.208663437695647
48,1,10,0,70,28.2,10.67934,9.06066, ,.995464673902263,.997603610360434,.765106985814751
35,2,12,12,64,15,1.4496,8.1504, ,.0742908287509285,.0923421824635784,.364366949296657
27,1,11,1,21,11.4,.914508,1.479492, ,.118090242210175,.217312039659988,.263029539285341
47,3,16,7,266,2,2.19184,3.12816, ,.0216915796518112,.0086428973332528,.0938521299241721
31,1,3,5,16,32.3,3.064624,2.103376, ,.935952881493168,.920684919946367,.848195232153109
30,1,12,4,40,7,1.2488,1.5512, ,.0633402309763558,.0475027706686358,.166672400022865
29,2,10,3,61,6.2,.798002,2.983998, ,.0789806962338602,.0893420986547763,.15255635158718
26,4,1,6,64,23.3,7.75424,7.15776, ,.993163632864469,.989106556840621,.630872534500338
38,1,21,17,65,16.8,2.53344,8.38656, ,.0129674024672913,.00691941785026172,.420785610041537
45,1,7,17,29,6.1,.739442,1.029558, ,.0517447073586831,.0406865311616249,.150862537804978
29,1,3,10,23,9.3,1.103724,1.035276, ,.29359137121906,.250716602650721,.213043376128119
52,1,17,4,73,8.7,1.054266,5.296734, ,.0204681616344355,.0128222656950179,.200103503133251
24,1,1,0,20,4.1,.32472,.49528, ,.380905151869839,.326936557635287,.120141998018177
33,2,8,13,27,9.8,1.645812,1.000188, ,.121320652468226,.0811588815575284,.224284794561537
38,2,0,18,21,4.6,.612444,.353556, ,.182943604778234,.216316444129665,.127274196819662
26,1,0,2,15,5.4,.38556,.42444, ,.43634891341279,.277697706098829,.139435797002348
26,1,2,5,22,6.4,.236544,1.171456, ,.272486173441989,.243586968548947,.155990731712526
35,1,16,0,37,17.2,4.212968,2.151032, ,.322910640795487,.269612205778299,.433667711732591
43,1,9,8,66,8.8,2.340624,3.467376, ,.181458939580627,.0948322382190465,.202218511407737
45,3,8,1,140,13.9,4.1839,15.2761, ,.692359985829709,.8702196494666,.33153763574231
24,1,5,1,46,3.8,.529644,1.218356, ,.190555501840471,.148780874640466,.116030312744454
44,3,7,16,78,10.5,3.15315,5.03685, ,.258144912857903,.248261679444897,.240719879471011
29,2,0,7,23,8,1.242,.598, ,.514498689413868,.549671158345981,.185763039434584
22,2,0,0,14,17.1,.241794,2.152206, ,.701999834161095,.718467762752122,.430438062072136
38,1,16,8,37,8.6,.082732,3.099268, ,.0108133459895521,.00649061349404582,.198005125485801
46,1,6,19,30,17.6,1.41504,3.86496, ,.193720764705047,.433767613755612,.446640081169066
46,4,7,16,73,1.1,.555676,.247324, ,.0331280205194353,.0213581400506595,.084251343295237
32,1,13,11,25,7.5,.59625,1.27875, ,.0211468106301222,.00998413523627858,.176014277117858
39,3,16,10,126,6.8,1.405152,7.162848, ,.0166307958958532,.0175882377853097,.163048277810623
40,2,15,19,138,4.1,1.222128,4.435872, ,.00730741085628833,.00536010249653927,.120141998018177
47,1,16,19,110,12.6,5.8212,8.0388, ,.145716002418872,.109314734419713,.294767428627967
28,1,10,1,42,8.6,1.04748,2.56452, ,.125758164757753,.0443098516374079,.198005125485801
36,1,19,8,45,12.1,.920205,4.524795, ,.0114857883378119,.00847335675188824,.281274284360395
41,2,13,1,93,14.7,9.542358,4.128642, ,.939299671283589,.939483630665427,.355271939089127
31,2,12,8,44,9.6,1.867008,2.356992, ,.0805382525182212,.0686676398013664,.21973827701109
39,1,20,8,116,4.1,2.240076,2.515924, ,.00949415348266118,.00449848701969255,.120141998018177
37,1,4,10,24,14.2,.419184,2.988816, ,.253442260099545,.505627217533414,.340345791526492
35,2,11,1,62,32.4,9.702504,10.385496, ,.992448759236448,.996295256555705,.849882179399862
35,4,10,12,45,8.5,1.0404,2.7846, ,.0549102349598245,.029253740393278,.19592336268882
51,4,15,30,26,13.6,2.011984,1.524016, ,.0108346329612687,.0124393138776025,.32284587007031
36,1,5,2,27,7,.72387,1.16613, ,.243440987445041,.220707664633009,.166672400022865
23,1,3,4,13,3.1,.045539,.357461, ,.175936717818206,.31112098091758,.106909689191686
34,1,12,15,32,2.7,.239328,.624672, ,.0105036658399514,.0057164185706367,.101986001870756
32,2,12,11,116,5.7,4.026708,2.585292, ,.1436218639377,.114885061220468,.144241548322777
48,1,13,11,38,10.8,.722304,3.381696, ,.0301374981044824,.0325702625943738,.248010417755233
35,2,1,11,24,7.8,.417456,1.454544, ,.269003451016994,.378546496369732,.181814378077261
37,1,20,13,41,12.9,.89913,4.38987, ,.00639781291880923,.0111731232851226,.303041555782365
